,Model,R2_Score,Adjusted_R2_Score
0,LinearRegression,0.1523512747382626,0.1523884884684007
1,XBGRegression,0.9114507579224448,0.9184372102428462
2,DecisionTressRegression,0.8731752263712615,0.8731554263530756
3,RandomForestRegression,0.9184499419244156,0.9184372102428462
4,GradientBoostingRegression,0.7059431980437678,0.7058972895839313
